{
  "methodology": "criterion-comparable",
  "warmup_ms": 150.0,
  "samples": 10,
  "gc_disabled": true,
  "omp_threads": 1,
  "data_size": "1M",
  "python_results": {
    "dema": 1.2812272727272727,
    "dema_batch": 1.2612636363636363
  },
  "rust_results": {},
  "comparisons": [],
  "batch_comparisons": [
    {
      "indicator": "dema",
      "single_ms": 1.2812272727272727,
      "batch_ms": 1.2612636363636363,
      "overhead_pct": -1.5581651115762596
    }
  ]
}