{
  "methodology": "criterion-comparable",
  "warmup_ms": 150.0,
  "samples": 10,
  "gc_disabled": true,
  "omp_threads": 1,
  "data_size": "1M",
  "python_results": {
    "vpwma": 3.324545,
    "vpwma_batch": 2.955375
  },
  "rust_results": {
    "vpwma": 3.340509375,
    "vpwma_batch": 23.27295119047619
  },
  "comparisons": [
    {
      "indicator": "vpwma",
      "python_ms": 3.324545,
      "rust_ms": 3.340509375,
      "overhead_ms": -0.01596437499999981,
      "overhead_pct": -0.4779024157056777
    },
    {
      "indicator": "vpwma_batch",
      "python_ms": 2.955375,
      "rust_ms": 23.27295119047619,
      "overhead_ms": -20.31757619047619,
      "overhead_pct": -87.30124522750941
    }
  ],
  "batch_comparisons": [
    {
      "indicator": "vpwma",
      "single_ms": 3.324545,
      "batch_ms": 2.955375,
      "overhead_pct": -11.104376689140915
    }
  ]
}