{
  "methodology": "criterion-comparable",
  "warmup_ms": 150.0,
  "samples": 10,
  "gc_disabled": true,
  "omp_threads": 1,
  "data_size": "1M",
  "python_results": {
    "adxr": 4.889845,
    "adxr_batch": 4.87616
  },
  "rust_results": {
    "adxr": 5.070085555555556
  },
  "comparisons": [
    {
      "indicator": "adxr",
      "python_ms": 4.889845,
      "rust_ms": 5.070085555555556,
      "overhead_ms": -0.18024055555555574,
      "overhead_pct": -3.5549805536921775
    }
  ],
  "batch_comparisons": [
    {
      "indicator": "adxr",
      "single_ms": 4.889845,
      "batch_ms": 4.87616,
      "overhead_pct": -0.27986572171512236
    }
  ]
}