{
  "methodology": "criterion-comparable",
  "warmup_ms": 150.0,
  "samples": 10,
  "gc_disabled": true,
  "omp_threads": 1,
  "data_size": "1M",
  "python_results": {
    "alma": 1.79905,
    "alma_batch": 1.797285
  },
  "rust_results": {
    "alma": 1.221528846153846,
    "alma_batch": 115.6389
  },
  "comparisons": [
    {
      "indicator": "alma",
      "python_ms": 1.79905,
      "rust_ms": 1.221528846153846,
      "overhead_ms": 0.577521153846154,
      "overhead_pct": 47.278552255606556
    },
    {
      "indicator": "alma_batch",
      "python_ms": 1.797285,
      "rust_ms": 115.6389,
      "overhead_ms": -113.841615,
      "overhead_pct": -98.44577819401603
    }
  ],
  "batch_comparisons": [
    {
      "indicator": "alma",
      "single_ms": 1.79905,
      "batch_ms": 1.797285,
      "overhead_pct": -0.09810733442650044
    }
  ]
}