{
  "methodology": "criterion-comparable",
  "warmup_ms": 150.0,
  "samples": 10,
  "gc_disabled": true,
  "omp_threads": 1,
  "data_size": "1M",
  "python_results": {
    "vwma": 1.1598708333333334
  },
  "rust_results": {
    "vwma": 1.1424228571428572
  },
  "comparisons": [
    {
      "indicator": "vwma",
      "python_ms": 1.1598708333333334,
      "rust_ms": 1.1424228571428572,
      "overhead_ms": 0.017447976190476222,
      "overhead_pct": 1.5272782824139908
    }
  ],
  "batch_comparisons": []
}