{
  "methodology": "criterion-comparable",
  "warmup_ms": 150.0,
  "samples": 10,
  "gc_disabled": true,
  "omp_threads": 1,
  "data_size": "1M",
  "python_results": {
    "alma": 1.8714,
    "alma_batch": 1.84771
  },
  "rust_results": {
    "alma": 1.221528846153846,
    "alma_batch": 115.6389
  },
  "comparisons": [
    {
      "indicator": "alma",
      "python_ms": 1.8714,
      "rust_ms": 1.221528846153846,
      "overhead_ms": 0.6498711538461539,
      "overhead_pct": 53.201457820039536
    },
    {
      "indicator": "alma_batch",
      "python_ms": 1.84771,
      "rust_ms": 115.6389,
      "overhead_ms": -113.79119,
      "overhead_pct": -98.4021726253017
    }
  ],
  "batch_comparisons": [
    {
      "indicator": "alma",
      "single_ms": 1.8714,
      "batch_ms": 1.84771,
      "overhead_pct": -1.26589718927006
    }
  ]
}