{
  "timestamp": "2025-07-19T14:47:08.692Z",
  "config": {
    "warmupTargetMs": 150,
    "sampleCount": 10,
    "minIterations": 10,
    "disableGC": true
  },
  "results": {
    "srwma_safe_10k": {
      "name": "srwma_safe_10k",
      "median": 0.06518054474708167,
      "mean": 0.06937311284046697,
      "min": 0.054566926070039205,
      "max": 0.1258447470817119,
      "samples": 10,
      "warmupIterations": 2574,
      "throughput": 0.15342001265565872,
      "dataSize": 10000,
      "api": "safe",
      "indicator": "srwma"
    },
    "srwma_safe_100k": {
      "name": "srwma_safe_100k",
      "median": 0.9519999999999982,
      "mean": 0.9125464285714274,
      "min": 0.6516714285714248,
      "max": 1.1811857142857158,
      "samples": 10,
      "warmupIterations": 149,
      "throughput": 0.10504201680672288,
      "dataSize": 100000,
      "api": "safe",
      "indicator": "srwma"
    },
    "srwma_safe_1M": {
      "name": "srwma_safe_1M",
      "median": 5.960209999999984,
      "mean": 6.595057,
      "min": 5.155590000000006,
      "max": 10.493450000000006,
      "samples": 10,
      "warmupIterations": 18,
      "throughput": 0.16815514889576086,
      "dataSize": 1002240,
      "api": "safe",
      "indicator": "srwma"
    },
    "srwma_fast_10k": {
      "name": "srwma_fast_10k",
      "median": 0.038541298701298944,
      "mean": 0.03853163636363642,
      "min": 0.038059740259739724,
      "max": 0.039583116883117234,
      "samples": 10,
      "warmupIterations": 3854,
      "throughput": 0.259461936596936,
      "dataSize": 10000,
      "api": "fast",
      "indicator": "srwma"
    },
    "srwma_fast_100k": {
      "name": "srwma_fast_100k",
      "median": 0.3906666666666635,
      "mean": 0.38994564102564044,
      "min": 0.38183076923076864,
      "max": 0.3981128205128255,
      "samples": 10,
      "warmupIterations": 390,
      "throughput": 0.2559726962457359,
      "dataSize": 100000,
      "api": "fast",
      "indicator": "srwma"
    },
    "srwma_fast_1M": {
      "name": "srwma_fast_1M",
      "median": 3.9667300000000068,
      "mean": 3.975125000000002,
      "min": 3.892669999999998,
      "max": 4.1115000000000235,
      "samples": 10,
      "warmupIterations": 38,
      "throughput": 0.25266151212711685,
      "dataSize": 1002240,
      "api": "fast",
      "indicator": "srwma"
    },
    "srwma_batch_small": {
      "name": "srwma_batch_small",
      "median": 1.046715384615394,
      "mean": 1.0457069230769216,
      "min": 1.025246153846148,
      "max": 1.0758769230769059,
      "samples": 10,
      "warmupIterations": 135,
      "throughput": 0.009553695442887188,
      "dataSize": 10000,
      "api": "batch",
      "indicator": "srwma",
      "batchSize": "small"
    },
    "srwma_batch_medium": {
      "name": "srwma_batch_medium",
      "median": 3.4473700000000007,
      "mean": 3.436178999999997,
      "min": 3.3577499999999874,
      "max": 3.5414400000000112,
      "samples": 10,
      "warmupIterations": 44,
      "throughput": 0.0029007620301853294,
      "dataSize": 10000,
      "api": "batch",
      "indicator": "srwma",
      "batchSize": "medium"
    }
  }
}