{
  "timestamp": "2025-09-11T19:59:44.786Z",
  "config": {
    "warmupTargetMs": 150,
    "sampleCount": 10,
    "minIterations": 10,
    "disableGC": true
  },
  "results": {
    "cwma_safe_10k": {
      "name": "cwma_safe_10k",
      "median": 0.0486270547945207,
      "mean": 0.05147421232876718,
      "min": 0.047069863013698386,
      "max": 0.06248493150684959,
      "samples": 10,
      "warmupIterations": 2920,
      "throughput": 0.205646836771344,
      "dataSize": 10000,
      "api": "safe",
      "indicator": "cwma"
    },
    "cwma_safe_100k": {
      "name": "cwma_safe_100k",
      "median": 0.4051914285714247,
      "mean": 0.41303228571428463,
      "min": 0.3754628571428579,
      "max": 0.4977971428571371,
      "samples": 10,
      "warmupIterations": 353,
      "throughput": 0.24679692843594447,
      "dataSize": 100000,
      "api": "safe",
      "indicator": "cwma"
    },
    "cwma_safe_1M": {
      "name": "cwma_safe_1M",
      "median": 4.191890000000012,
      "mean": 4.159905,
      "min": 4.04692,
      "max": 4.316700000000014,
      "samples": 10,
      "warmupIterations": 37,
      "throughput": 0.23909024330313944,
      "dataSize": 1002240,
      "api": "safe",
      "indicator": "cwma"
    },
    "cwma_fast_10k": {
      "name": "cwma_fast_10k",
      "median": 0.028879960707269295,
      "mean": 0.02971139489194512,
      "min": 0.028179371316306483,
      "max": 0.03848526522593309,
      "samples": 10,
      "warmupIterations": 5092,
      "throughput": 0.34626085891740593,
      "dataSize": 10000,
      "api": "fast",
      "indicator": "cwma"
    },
    "cwma_fast_100k": {
      "name": "cwma_fast_100k",
      "median": 0.28334999999999755,
      "mean": 0.28356884615384564,
      "min": 0.2817884615384663,
      "max": 0.2869634615384572,
      "samples": 10,
      "warmupIterations": 528,
      "throughput": 0.3529204164460945,
      "dataSize": 100000,
      "api": "fast",
      "indicator": "cwma"
    },
    "cwma_fast_1M": {
      "name": "cwma_fast_1M",
      "median": 2.9162199999999756,
      "mean": 2.9156399999999936,
      "min": 2.890279999999984,
      "max": 2.942399999999998,
      "samples": 10,
      "warmupIterations": 52,
      "throughput": 0.34367777465349264,
      "dataSize": 1002240,
      "api": "fast",
      "indicator": "cwma"
    },
    "cwma_batch_small": {
      "name": "cwma_batch_small",
      "median": 0.9809857142857125,
      "mean": 0.9804378571428549,
      "min": 0.9535214285714184,
      "max": 1.0264857142856922,
      "samples": 10,
      "warmupIterations": 149,
      "throughput": 0.010193828365055575,
      "dataSize": 10000,
      "api": "batch",
      "indicator": "cwma",
      "batchSize": "small"
    },
    "cwma_batch_medium": {
      "name": "cwma_batch_medium",
      "median": 3.1772400000000287,
      "mean": 3.1577900000000096,
      "min": 3.021010000000024,
      "max": 3.2438200000000053,
      "samples": 10,
      "warmupIterations": 46,
      "throughput": 0.0031473857813699656,
      "dataSize": 10000,
      "api": "batch",
      "indicator": "cwma",
      "batchSize": "medium"
    }
  }
}