{
  "timestamp": "2025-07-19T14:36:02.845Z",
  "config": {
    "warmupTargetMs": 150,
    "sampleCount": 10,
    "minIterations": 10,
    "disableGC": true
  },
  "results": {
    "supersmoother_3_pole_safe_10k": {
      "name": "supersmoother_3_pole_safe_10k",
      "median": 0.05006464285714287,
      "mean": 0.05204821428571423,
      "min": 0.047517499999999914,
      "max": 0.05995535714285723,
      "samples": 10,
      "warmupIterations": 2802,
      "throughput": 0.19974176243570807,
      "dataSize": 10000,
      "api": "safe",
      "indicator": "supersmoother_3_pole"
    },
    "supersmoother_3_pole_safe_100k": {
      "name": "supersmoother_3_pole_safe_100k",
      "median": 0.43272187500000214,
      "mean": 0.46790093750000034,
      "min": 0.41935000000000144,
      "max": 0.5565812500000007,
      "samples": 10,
      "warmupIterations": 324,
      "throughput": 0.23109531959760415,
      "dataSize": 100000,
      "api": "safe",
      "indicator": "supersmoother_3_pole"
    },
    "supersmoother_3_pole_safe_1M": {
      "name": "supersmoother_3_pole_safe_1M",
      "median": 4.4625,
      "mean": 4.455202999999999,
      "min": 4.396460000000002,
      "max": 4.546400000000017,
      "samples": 10,
      "warmupIterations": 34,
      "throughput": 0.22459159663865547,
      "dataSize": 1002240,
      "api": "safe",
      "indicator": "supersmoother_3_pole"
    },
    "supersmoother_3_pole_fast_10k": {
      "name": "supersmoother_3_pole_fast_10k",
      "median": 0.032801113585746416,
      "mean": 0.03278131403118042,
      "min": 0.03265122494432067,
      "max": 0.032928062360801626,
      "samples": 10,
      "warmupIterations": 4498,
      "throughput": 0.3048676982828247,
      "dataSize": 10000,
      "api": "fast",
      "indicator": "supersmoother_3_pole"
    },
    "supersmoother_3_pole_fast_100k": {
      "name": "supersmoother_3_pole_fast_100k",
      "median": 0.32674444444444106,
      "mean": 0.3268919999999995,
      "min": 0.32587333333333135,
      "max": 0.32913555555555324,
      "samples": 10,
      "warmupIterations": 455,
      "throughput": 0.30604958003196836,
      "dataSize": 100000,
      "api": "fast",
      "indicator": "supersmoother_3_pole"
    },
    "supersmoother_3_pole_fast_1M": {
      "name": "supersmoother_3_pole_fast_1M",
      "median": 3.2767100000000027,
      "mean": 3.276040999999991,
      "min": 3.26528000000003,
      "max": 3.286640000000034,
      "samples": 10,
      "warmupIterations": 46,
      "throughput": 0.30586777590937225,
      "dataSize": 1002240,
      "api": "fast",
      "indicator": "supersmoother_3_pole"
    },
    "supersmoother_3_pole_batch_small": {
      "name": "supersmoother_3_pole_batch_small",
      "median": 1.1308615384615364,
      "mean": 1.1357930769230768,
      "min": 1.1082230769230732,
      "max": 1.1781307692307774,
      "samples": 10,
      "warmupIterations": 132,
      "throughput": 0.008842815552471925,
      "dataSize": 10000,
      "api": "batch",
      "indicator": "supersmoother_3_pole",
      "batchSize": "small"
    },
    "supersmoother_3_pole_batch_medium": {
      "name": "supersmoother_3_pole_batch_medium",
      "median": 4.10272,
      "mean": 4.099156000000007,
      "min": 4.033159999999998,
      "max": 4.2286000000000055,
      "samples": 10,
      "warmupIterations": 37,
      "throughput": 0.002437407378519617,
      "dataSize": 10000,
      "api": "batch",
      "indicator": "supersmoother_3_pole",
      "batchSize": "medium"
    }
  }
}
