{
  "timestamp": "2025-07-20T20:22:37.681Z",
  "config": {
    "warmupTargetMs": 150,
    "sampleCount": 10,
    "minIterations": 10,
    "disableGC": true
  },
  "results": {
    "adxr_safe_10k": {
      "name": "adxr_safe_10k",
      "median": 0.06309036697247697,
      "mean": 0.06586669724770645,
      "min": 0.0596385321100914,
      "max": 0.0766454128440368,
      "samples": 10,
      "warmupIterations": 2188,
      "throughput": 0.15850280288213378,
      "dataSize": 10000,
      "api": "safe",
      "indicator": "adxr"
    },
    "adxr_safe_100k": {
      "name": "adxr_safe_100k",
      "median": 1.277709090909091,
      "mean": 1.2890909090909097,
      "min": 1.2556636363636409,
      "max": 1.3656363636363578,
      "samples": 10,
      "warmupIterations": 118,
      "throughput": 0.07826507669977517,
      "dataSize": 100000,
      "api": "safe",
      "indicator": "adxr"
    },
    "adxr_safe_1M": {
      "name": "adxr_safe_1M",
      "median": 13.644390000000021,
      "mean": 13.659635999999997,
      "min": 13.452099999999996,
      "max": 13.915260000000012,
      "samples": 10,
      "warmupIterations": 11,
      "throughput": 0.07345436476090161,
      "dataSize": 1002240,
      "api": "safe",
      "indicator": "adxr"
    },
    "adxr_fast_10k": {
      "name": "adxr_fast_10k",
      "median": 0.0420051051051055,
      "mean": 0.041997297297297335,
      "min": 0.04175795795795689,
      "max": 0.04253003003003112,
      "samples": 10,
      "warmupIterations": 3338,
      "throughput": 0.23806630110739926,
      "dataSize": 10000,
      "api": "fast",
      "indicator": "adxr"
    },
    "adxr_fast_100k": {
      "name": "adxr_fast_100k",
      "median": 1.1287384615384677,
      "mean": 1.1298300000000103,
      "min": 1.1215769230769252,
      "max": 1.1428153846153901,
      "samples": 10,
      "warmupIterations": 133,
      "throughput": 0.08859448260822109,
      "dataSize": 100000,
      "api": "fast",
      "indicator": "adxr"
    },
    "adxr_fast_1M": {
      "name": "adxr_fast_1M",
      "median": 11.56898000000001,
      "mean": 11.537786000000006,
      "min": 11.416609999999991,
      "max": 11.627480000000014,
      "samples": 10,
      "warmupIterations": 13,
      "throughput": 0.08663166502146248,
      "dataSize": 1002240,
      "api": "fast",
      "indicator": "adxr"
    },
    "adxr_batch_small": {
      "name": "adxr_batch_small",
      "median": 1.163358333333311,
      "mean": 1.175453333333333,
      "min": 1.1480416666666617,
      "max": 1.2353250000000269,
      "samples": 10,
      "warmupIterations": 122,
      "throughput": 0.008595803815104426,
      "dataSize": 10000,
      "api": "batch",
      "indicator": "adxr",
      "batchSize": "small"
    },
    "adxr_batch_medium": {
      "name": "adxr_batch_medium",
      "median": 1.9725000000000363,
      "mean": 1.948808000000008,
      "min": 1.8254800000000615,
      "max": 2.0230099999999767,
      "samples": 10,
      "warmupIterations": 76,
      "throughput": 0.00506970849176163,
      "dataSize": 10000,
      "api": "batch",
      "indicator": "adxr",
      "batchSize": "medium"
    }
  }
}