{
  "timestamp": "2025-07-19T15:08:48.170Z",
  "config": {
    "warmupTargetMs": 150,
    "sampleCount": 10,
    "minIterations": 10,
    "disableGC": true
  },
  "results": {
    "swma_safe_10k": {
      "name": "swma_safe_10k",
      "median": 0.035526603325415844,
      "mean": 0.0343650831353919,
      "min": 0.028625653206650697,
      "max": 0.039935629453681745,
      "samples": 10,
      "warmupIterations": 4219,
      "throughput": 0.2814792033001919,
      "dataSize": 10000,
      "api": "safe",
      "indicator": "swma"
    },
    "swma_safe_100k": {
      "name": "swma_safe_100k",
      "median": 0.2911377358490564,
      "mean": 0.2783818867924529,
      "min": 0.23321886792452787,
      "max": 0.33398867924528153,
      "samples": 10,
      "warmupIterations": 537,
      "throughput": 0.34348003603300026,
      "dataSize": 100000,
      "api": "safe",
      "indicator": "swma"
    },
    "swma_safe_1M": {
      "name": "swma_safe_1M",
      "median": 2.474630000000002,
      "mean": 2.4764670000000044,
      "min": 2.3923,
      "max": 2.56083000000001,
      "samples": 10,
      "warmupIterations": 60,
      "throughput": 0.4050060008971035,
      "dataSize": 1002240,
      "api": "safe",
      "indicator": "swma"
    },
    "swma_fast_10k": {
      "name": "swma_fast_10k",
      "median": 0.012631143344709843,
      "mean": 0.012697244027303753,
      "min": 0.012546160409556445,
      "max": 0.01301331058020463,
      "samples": 10,
      "warmupIterations": 11727,
      "throughput": 0.7916939683997953,
      "dataSize": 10000,
      "api": "fast",
      "indicator": "swma"
    },
    "swma_fast_100k": {
      "name": "swma_fast_100k",
      "median": 0.1289385964912267,
      "mean": 0.12877350877192978,
      "min": 0.12797543859649027,
      "max": 0.12942368421052683,
      "samples": 10,
      "warmupIterations": 1143,
      "throughput": 0.7755629634669108,
      "dataSize": 100000,
      "api": "fast",
      "indicator": "swma"
    },
    "swma_fast_1M": {
      "name": "swma_fast_1M",
      "median": 1.294045454545457,
      "mean": 1.2861045454545463,
      "min": 1.2617272727273054,
      "max": 1.3175818181818448,
      "samples": 10,
      "warmupIterations": 118,
      "throughput": 0.7745013874740931,
      "dataSize": 1002240,
      "api": "fast",
      "indicator": "swma"
    },
    "swma_batch_small": {
      "name": "swma_batch_small",
      "median": 1.4894999999999983,
      "mean": 1.5621249999999962,
      "min": 1.395789999999988,
      "max": 1.999489999999969,
      "samples": 10,
      "warmupIterations": 104,
      "throughput": 0.006713662302786178,
      "dataSize": 10000,
      "api": "batch",
      "indicator": "swma",
      "batchSize": "small"
    },
    "swma_batch_medium": {
      "name": "swma_batch_medium",
      "median": 3.0728799999999863,
      "mean": 3.169477999999999,
      "min": 3.013440000000037,
      "max": 3.4222900000000207,
      "samples": 10,
      "warmupIterations": 49,
      "throughput": 0.003254276118820144,
      "dataSize": 10000,
      "api": "batch",
      "indicator": "swma",
      "batchSize": "medium"
    }
  }
}
