{
  "timestamp": "2025-07-19T22:40:33.011Z",
  "config": {
    "warmupTargetMs": 150,
    "sampleCount": 10,
    "minIterations": 10,
    "disableGC": true
  },
  "results": {
    "trima_safe_10k": {
      "name": "trima_safe_10k",
      "median": 0.038407881773399107,
      "mean": 0.03561948275862065,
      "min": 0.03006354679802944,
      "max": 0.04034064039408859,
      "samples": 10,
      "warmupIterations": 4064,
      "throughput": 0.2603632259388461,
      "dataSize": 10000,
      "api": "safe",
      "indicator": "trima"
    },
    "trima_safe_100k": {
      "name": "trima_safe_100k",
      "median": 0.30719615384615157,
      "mean": 0.2866371153846149,
      "min": 0.2402903846153864,
      "max": 0.32756153846153996,
      "samples": 10,
      "warmupIterations": 529,
      "throughput": 0.3255249089156289,
      "dataSize": 100000,
      "api": "safe",
      "indicator": "trima"
    },
    "trima_safe_1M": {
      "name": "trima_safe_1M",
      "median": 2.64507000000001,
      "mean": 2.646691999999998,
      "min": 2.610690000000022,
      "max": 2.6853399999999965,
      "samples": 10,
      "warmupIterations": 56,
      "throughput": 0.37890868672662587,
      "dataSize": 1002240,
      "api": "safe",
      "indicator": "trima"
    },
    "trima_fast_10k": {
      "name": "trima_fast_10k",
      "median": 0.015027575757575863,
      "mean": 0.015031101010101014,
      "min": 0.014962323232323181,
      "max": 0.015112727272727134,
      "samples": 10,
      "warmupIterations": 9902,
      "throughput": 0.6654433264100295,
      "dataSize": 10000,
      "api": "fast",
      "indicator": "trima"
    },
    "trima_fast_100k": {
      "name": "trima_fast_100k",
      "median": 0.15137599999999793,
      "mean": 0.15158030000000008,
      "min": 0.15064600000000156,
      "max": 0.15348000000000184,
      "samples": 10,
      "warmupIterations": 1000,
      "throughput": 0.660606701194386,
      "dataSize": 100000,
      "api": "fast",
      "indicator": "trima"
    },
    "trima_fast_1M": {
      "name": "trima_fast_1M",
      "median": 1.517300000000023,
      "mean": 1.519390000000003,
      "min": 1.506790000000001,
      "max": 1.5315299999999752,
      "samples": 10,
      "warmupIterations": 98,
      "throughput": 0.6605417517959433,
      "dataSize": 1002240,
      "api": "fast",
      "indicator": "trima"
    },
    "trima_batch_small": {
      "name": "trima_batch_small",
      "median": 0.8073368421052548,
      "mean": 0.8506426315789429,
      "min": 0.7943578947368367,
      "max": 1.0343894736841943,
      "samples": 10,
      "warmupIterations": 195,
      "throughput": 0.012386403640298966,
      "dataSize": 10000,
      "api": "batch",
      "indicator": "trima",
      "batchSize": "small"
    },
    "trima_batch_medium": {
      "name": "trima_batch_medium",
      "median": 2.54396999999999,
      "mean": 2.629531999999999,
      "min": 2.463909999999987,
      "max": 2.831100000000015,
      "samples": 10,
      "warmupIterations": 59,
      "throughput": 0.003930863964590792,
      "dataSize": 10000,
      "api": "batch",
      "indicator": "trima",
      "batchSize": "medium"
    }
  }
}
