{
  "timestamp": "2025-07-20T20:27:05.042Z",
  "config": {
    "warmupTargetMs": 150,
    "sampleCount": 10,
    "minIterations": 10,
    "disableGC": true
  },
  "results": {
    "alligator_safe_10k": {
      "name": "alligator_safe_10k",
      "median": 0.06433516949152529,
      "mean": 0.060916779661016905,
      "min": 0.04993432203389822,
      "max": 0.06775423728813564,
      "samples": 10,
      "warmupIterations": 2366,
      "throughput": 0.15543597815992813,
      "dataSize": 10000,
      "api": "safe",
      "indicator": "alligator"
    },
    "alligator_safe_100k": {
      "name": "alligator_safe_100k",
      "median": 0.44882424242424196,
      "mean": 0.45216909090909113,
      "min": 0.44483333333333563,
      "max": 0.46820909090908547,
      "samples": 10,
      "warmupIterations": 332,
      "throughput": 0.22280436426488087,
      "dataSize": 100000,
      "api": "safe",
      "indicator": "alligator"
    },
    "alligator_safe_1M": {
      "name": "alligator_safe_1M",
      "median": 4.910429999999996,
      "mean": 4.840080999999998,
      "min": 4.6013699999999975,
      "max": 5.087210000000004,
      "samples": 10,
      "warmupIterations": 30,
      "throughput": 0.2041043248758257,
      "dataSize": 1002240,
      "api": "safe",
      "indicator": "alligator"
    },
    "alligator_fast_10k": {
      "name": "alligator_fast_10k",
      "median": 0.016777993158494715,
      "mean": 0.01676607753705814,
      "min": 0.016530786773090018,
      "max": 0.016965222348916797,
      "samples": 10,
      "warmupIterations": 8770,
      "throughput": 0.5960188388166667,
      "dataSize": 10000,
      "api": "fast",
      "indicator": "alligator"
    },
    "alligator_fast_100k": {
      "name": "alligator_fast_100k",
      "median": 0.16457111111111164,
      "mean": 0.16417022222222183,
      "min": 0.16277888888888709,
      "max": 0.16599333333333055,
      "samples": 10,
      "warmupIterations": 909,
      "throughput": 0.6076400610340664,
      "dataSize": 100000,
      "api": "fast",
      "indicator": "alligator"
    },
    "alligator_fast_1M": {
      "name": "alligator_fast_1M",
      "median": 1.6500099999999747,
      "mean": 1.650086000000001,
      "min": 1.6337199999999938,
      "max": 1.6815799999999854,
      "samples": 10,
      "warmupIterations": 90,
      "throughput": 0.607414500518188,
      "dataSize": 1002240,
      "api": "fast",
      "indicator": "alligator"
    },
    "alligator_batch_small": {
      "name": "alligator_batch_small",
      "median": 0.8767124999999965,
      "mean": 0.8748024999999956,
      "min": 0.8635187499999972,
      "max": 0.8870437500000037,
      "samples": 10,
      "warmupIterations": 164,
      "throughput": 0.011406247772217278,
      "dataSize": 10000,
      "api": "batch",
      "indicator": "alligator",
      "batchSize": "small"
    },
    "alligator_batch_medium": {
      "name": "alligator_batch_medium",
      "median": 1259.89562,
      "mean": 1294.9455340000002,
      "min": 1216.6930600000007,
      "max": 1431.9165500000004,
      "samples": 10,
      "warmupIterations": 1,
      "throughput": 0.000007937165461373697,
      "dataSize": 10000,
      "api": "batch",
      "indicator": "alligator",
      "batchSize": "medium"
    }
  }
}