{
  "timestamp": "2025-07-19T15:19:28.118Z",
  "config": {
    "warmupTargetMs": 150,
    "sampleCount": 10,
    "minIterations": 10,
    "disableGC": true
  },
  "results": {
    "supersmoother_safe_10k": {
      "name": "supersmoother_safe_10k",
      "median": 0.04823472222222236,
      "mean": 0.05118572916666666,
      "min": 0.04698333333333338,
      "max": 0.06227430555555537,
      "samples": 10,
      "warmupIterations": 2888,
      "throughput": 0.2073195312275038,
      "dataSize": 10000,
      "api": "safe",
      "indicator": "supersmoother"
    },
    "supersmoother_safe_100k": {
      "name": "supersmoother_safe_100k",
      "median": 0.4068705882352955,
      "mean": 0.4300026470588244,
      "min": 0.38742058823529263,
      "max": 0.5204058823529415,
      "samples": 10,
      "warmupIterations": 343,
      "throughput": 0.24577839463335566,
      "dataSize": 100000,
      "api": "safe",
      "indicator": "supersmoother"
    },
    "supersmoother_safe_1M": {
      "name": "supersmoother_safe_1M",
      "median": 4.377980000000003,
      "mean": 4.356190999999996,
      "min": 4.236869999999999,
      "max": 4.440509999999994,
      "samples": 10,
      "warmupIterations": 35,
      "throughput": 0.22892749624255923,
      "dataSize": 1002240,
      "api": "safe",
      "indicator": "supersmoother"
    },
    "supersmoother_fast_10k": {
      "name": "supersmoother_fast_10k",
      "median": 0.029973547094188237,
      "mean": 0.030086673346693422,
      "min": 0.029668737474949722,
      "max": 0.031052104208417072,
      "samples": 10,
      "warmupIterations": 4999,
      "throughput": 0.3336275139067196,
      "dataSize": 10000,
      "api": "fast",
      "indicator": "supersmoother"
    },
    "supersmoother_fast_100k": {
      "name": "supersmoother_fast_100k",
      "median": 0.2995020000000022,
      "mean": 0.301140800000001,
      "min": 0.29576000000000024,
      "max": 0.31753999999999905,
      "samples": 10,
      "warmupIterations": 500,
      "throughput": 0.3338875867272982,
      "dataSize": 100000,
      "api": "fast",
      "indicator": "supersmoother"
    },
    "supersmoother_fast_1M": {
      "name": "supersmoother_fast_1M",
      "median": 2.980879999999979,
      "mean": 2.982229000000002,
      "min": 2.9493199999999886,
      "max": 3.019560000000001,
      "samples": 10,
      "warmupIterations": 50,
      "throughput": 0.336222860363385,
      "dataSize": 1002240,
      "api": "fast",
      "indicator": "supersmoother"
    },
    "supersmoother_batch_small": {
      "name": "supersmoother_batch_small",
      "median": 0.2584305084745796,
      "mean": 0.2662264406779672,
      "min": 0.23045423728813996,
      "max": 0.30731355932203325,
      "samples": 10,
      "warmupIterations": 591,
      "throughput": 0.03869512179125571,
      "dataSize": 10000,
      "api": "batch",
      "indicator": "supersmoother",
      "batchSize": "small"
    },
    "supersmoother_batch_medium": {
      "name": "supersmoother_batch_medium",
      "median": 0.4489419354838666,
      "mean": 0.47376645161290476,
      "min": 0.4119161290322623,
      "max": 0.554858064516133,
      "samples": 10,
      "warmupIterations": 319,
      "throughput": 0.022274595464605165,
      "dataSize": 10000,
      "api": "batch",
      "indicator": "supersmoother",
      "batchSize": "medium"
    }
  }
}