{
  "timestamp": "2025-07-20T20:17:36.452Z",
  "config": {
    "warmupTargetMs": 150,
    "sampleCount": 10,
    "minIterations": 10,
    "disableGC": true
  },
  "results": {
    "adosc_safe_10k": {
      "name": "adosc_safe_10k",
      "median": 0.03510663265306121,
      "mean": 0.037402040816326525,
      "min": 0.03196326530612235,
      "max": 0.04435714285714294,
      "samples": 10,
      "warmupIterations": 3922,
      "throughput": 0.2848464590387887,
      "dataSize": 10000,
      "api": "safe",
      "indicator": "adosc"
    },
    "adosc_safe_100k": {
      "name": "adosc_safe_100k",
      "median": 0.43649687499999956,
      "mean": 0.4724909374999989,
      "min": 0.4225281249999995,
      "max": 0.5988906249999992,
      "samples": 10,
      "warmupIterations": 323,
      "throughput": 0.22909671460992725,
      "dataSize": 100000,
      "api": "safe",
      "indicator": "adosc"
    },
    "adosc_safe_1M": {
      "name": "adosc_safe_1M",
      "median": 4.828359999999998,
      "mean": 4.773615,
      "min": 4.408500000000004,
      "max": 5.591399999999998,
      "samples": 10,
      "warmupIterations": 30,
      "throughput": 0.2075735860623484,
      "dataSize": 1002240,
      "api": "safe",
      "indicator": "adosc"
    },
    "adosc_fast_10k": {
      "name": "adosc_fast_10k",
      "median": 0.011612225705329299,
      "mean": 0.01164387147335424,
      "min": 0.011540438871473343,
      "max": 0.011942711598746127,
      "samples": 10,
      "warmupIterations": 12762,
      "throughput": 0.8611613530221527,
      "dataSize": 10000,
      "api": "fast",
      "indicator": "adosc"
    },
    "adosc_fast_100k": {
      "name": "adosc_fast_100k",
      "median": 0.25624821428571715,
      "mean": 0.2557782142857158,
      "min": 0.25339285714285814,
      "max": 0.2588232142857204,
      "samples": 10,
      "warmupIterations": 561,
      "throughput": 0.3902466219276746,
      "dataSize": 100000,
      "api": "fast",
      "indicator": "adosc"
    },
    "adosc_fast_1M": {
      "name": "adosc_fast_1M",
      "median": 2.455049999999983,
      "mean": 2.460301,
      "min": 2.418289999999979,
      "max": 2.576299999999992,
      "samples": 10,
      "warmupIterations": 59,
      "throughput": 0.408236084804793,
      "dataSize": 1002240,
      "api": "fast",
      "indicator": "adosc"
    },
    "adosc_batch_small": {
      "name": "adosc_batch_small",
      "median": 3.279260000000022,
      "mean": 3.2734840000000034,
      "min": 3.179399999999987,
      "max": 3.4081200000000083,
      "samples": 10,
      "warmupIterations": 43,
      "throughput": 0.003049468477644326,
      "dataSize": 10000,
      "api": "batch",
      "indicator": "adosc",
      "batchSize": "small"
    },
    "adosc_batch_medium": {
      "name": "adosc_batch_medium",
      "median": 8.950799999999981,
      "mean": 8.981392000000003,
      "min": 8.811670000000003,
      "max": 9.213639999999987,
      "samples": 10,
      "warmupIterations": 17,
      "throughput": 0.001117218572641554,
      "dataSize": 10000,
      "api": "batch",
      "indicator": "adosc",
      "batchSize": "medium"
    }
  }
}