{
  "timestamp": "2025-07-20T01:05:51.475Z",
  "config": {
    "warmupTargetMs": 150,
    "sampleCount": 10,
    "minIterations": 10,
    "disableGC": true
  },
  "results": {
    "vpwma_safe_10k": {
      "name": "vpwma_safe_10k",
      "median": 0.10558102189781035,
      "mean": 0.10616167883211655,
      "min": 0.08221094890510909,
      "max": 0.13420510948905068,
      "samples": 10,
      "warmupIterations": 1373,
      "throughput": 0.09471399139969293,
      "dataSize": 10000,
      "api": "safe",
      "indicator": "vpwma"
    },
    "vpwma_safe_100k": {
      "name": "vpwma_safe_100k",
      "median": 0.8724062499999974,
      "mean": 0.8694993749999995,
      "min": 0.741100000000003,
      "max": 1.0785499999999928,
      "samples": 10,
      "warmupIterations": 169,
      "throughput": 0.11462549700899127,
      "dataSize": 100000,
      "api": "safe",
      "indicator": "vpwma"
    },
    "vpwma_safe_1M": {
      "name": "vpwma_safe_1M",
      "median": 8.902059999999983,
      "mean": 9.336322000000008,
      "min": 7.863079999999991,
      "max": 12.766440000000012,
      "samples": 10,
      "warmupIterations": 18,
      "throughput": 0.11258517691410773,
      "dataSize": 1002240,
      "api": "safe",
      "indicator": "vpwma"
    },
    "vpwma_fast_10k": {
      "name": "vpwma_fast_10k",
      "median": 0.06585475113122326,
      "mean": 0.06758814479638069,
      "min": 0.061355656108597494,
      "max": 0.0824348416289595,
      "samples": 10,
      "warmupIterations": 2210,
      "throughput": 0.15184933248132448,
      "dataSize": 10000,
      "api": "fast",
      "indicator": "vpwma"
    },
    "vpwma_fast_100k": {
      "name": "vpwma_fast_100k",
      "median": 0.9472666666666728,
      "mean": 1.0766257142857154,
      "min": 0.6350952380952376,
      "max": 2.069776190476183,
      "samples": 10,
      "warmupIterations": 215,
      "throughput": 0.10556689422197131,
      "dataSize": 100000,
      "api": "fast",
      "indicator": "vpwma"
    },
    "vpwma_fast_1M": {
      "name": "vpwma_fast_1M",
      "median": 7.612660000000005,
      "mean": 7.581165999999989,
      "min": 6.924080000000004,
      "max": 8.21147000000001,
      "samples": 10,
      "warmupIterations": 20,
      "throughput": 0.1316543757372586,
      "dataSize": 1002240,
      "api": "fast",
      "indicator": "vpwma"
    },
    "vpwma_batch_small": {
      "name": "vpwma_batch_small",
      "median": 0.6177695652173972,
      "mean": 0.6387821739130548,
      "min": 0.5044260869565377,
      "max": 0.9271652173913184,
      "samples": 10,
      "warmupIterations": 233,
      "throughput": 0.0161872655485722,
      "dataSize": 10000,
      "api": "batch",
      "indicator": "vpwma",
      "batchSize": "small"
    },
    "vpwma_batch_medium": {
      "name": "vpwma_batch_medium",
      "median": 2.329369999999926,
      "mean": 2.221052999999993,
      "min": 1.7794799999999669,
      "max": 2.5733100000000375,
      "samples": 10,
      "warmupIterations": 56,
      "throughput": 0.0042930062634962745,
      "dataSize": 10000,
      "api": "batch",
      "indicator": "vpwma",
      "batchSize": "medium"
    }
  }
}