{
  "timestamp": "2025-07-20T20:21:43.221Z",
  "config": {
    "warmupTargetMs": 150,
    "sampleCount": 10,
    "minIterations": 10,
    "disableGC": true
  },
  "results": {
    "adx_safe_10k": {
      "name": "adx_safe_10k",
      "median": 0.05697580645161288,
      "mean": 0.05935346774193553,
      "min": 0.056158467741935725,
      "max": 0.06702096774193521,
      "samples": 10,
      "warmupIterations": 2483,
      "throughput": 0.17551309271054502,
      "dataSize": 10000,
      "api": "safe",
      "indicator": "adx"
    },
    "adx_safe_100k": {
      "name": "adx_safe_100k",
      "median": 1.1429749999999974,
      "mean": 1.1693733333333305,
      "min": 1.1154833333333347,
      "max": 1.3746416666666619,
      "samples": 10,
      "warmupIterations": 127,
      "throughput": 0.08749097749294624,
      "dataSize": 100000,
      "api": "safe",
      "indicator": "adx"
    },
    "adx_safe_1M": {
      "name": "adx_safe_1M",
      "median": 12.654910000000019,
      "mean": 13.156556000000004,
      "min": 12.533439999999995,
      "max": 16.599229999999988,
      "samples": 10,
      "warmupIterations": 13,
      "throughput": 0.0791977185139996,
      "dataSize": 1002240,
      "api": "safe",
      "indicator": "adx"
    },
    "adx_fast_10k": {
      "name": "adx_fast_10k",
      "median": 0.03619974619289397,
      "mean": 0.0361771319796955,
      "min": 0.03554644670050712,
      "max": 0.036636802030457355,
      "samples": 10,
      "warmupIterations": 3947,
      "throughput": 0.27624503074452506,
      "dataSize": 10000,
      "api": "fast",
      "indicator": "adx"
    },
    "adx_fast_100k": {
      "name": "adx_fast_100k",
      "median": 0.9984000000000075,
      "mean": 0.9985780000000007,
      "min": 0.991286666666656,
      "max": 1.010573333333347,
      "samples": 10,
      "warmupIterations": 151,
      "throughput": 0.10016025641025565,
      "dataSize": 100000,
      "api": "fast",
      "indicator": "adx"
    },
    "adx_fast_1M": {
      "name": "adx_fast_1M",
      "median": 10.70574999999999,
      "mean": 10.892413000000015,
      "min": 10.598860000000013,
      "max": 11.770980000000055,
      "samples": 10,
      "warmupIterations": 15,
      "throughput": 0.0936169815286179,
      "dataSize": 1002240,
      "api": "fast",
      "indicator": "adx"
    },
    "adx_batch_small": {
      "name": "adx_batch_small",
      "median": 1.211463636363574,
      "mean": 1.2350381818181466,
      "min": 1.1704363636364095,
      "max": 1.4463363636362951,
      "samples": 10,
      "warmupIterations": 119,
      "throughput": 0.008254478054344906,
      "dataSize": 10000,
      "api": "batch",
      "indicator": "adx",
      "batchSize": "small"
    },
    "adx_batch_medium": {
      "name": "adx_batch_medium",
      "median": 2.020640000000003,
      "mean": 1.988270999999995,
      "min": 1.8545600000000377,
      "max": 2.084490000000005,
      "samples": 10,
      "warmupIterations": 72,
      "throughput": 0.0049489270726106515,
      "dataSize": 10000,
      "api": "batch",
      "indicator": "adx",
      "batchSize": "medium"
    }
  }
}
