{
  "timestamp": "2025-07-18T20:36:05.487Z",
  "config": {
    "warmupTargetMs": 150,
    "sampleCount": 10,
    "minIterations": 10,
    "disableGC": true
  },
  "results": {
    "alma_10k": {
      "name": "alma_10k",
      "median": 0.04486335403726681,
      "mean": 0.04601049689440988,
      "min": 0.04058229813664595,
      "max": 0.053539440993788726,
      "samples": 10,
      "warmupIterations": 3228,
      "throughput": 0.22289907240758822
    },
    "alma_100k": {
      "name": "alma_100k",
      "median": 0.3951102564102572,
      "mean": 0.38435435897435943,
      "min": 0.34355897435897564,
      "max": 0.43134358974359016,
      "samples": 10,
      "warmupIterations": 395,
      "throughput": 0.25309391082008864
    },
    "alma_1M": {
      "name": "alma_1M",
      "median": 3.6978599999999915,
      "mean": 3.7028249999999985,
      "min": 3.6354799999999843,
      "max": 3.801729999999998,
      "samples": 10,
      "warmupIterations": 40,
      "throughput": 0.27042667921446517
    },
    "alma_zerocopy_10k": {
      "name": "alma_zerocopy_10k",
      "median": 0.042216617210682754,
      "mean": 0.044632284866468815,
      "min": 0.040369732937685136,
      "max": 0.05200741839762594,
      "samples": 10,
      "warmupIterations": 3372,
      "throughput": 0.2368735502916974
    },
    "alma_zerocopy_100k": {
      "name": "alma_zerocopy_100k",
      "median": 0.3824048780487851,
      "mean": 0.35808365853658547,
      "min": 0.3219999999999944,
      "max": 0.4028073170731726,
      "samples": 10,
      "warmupIterations": 418,
      "throughput": 0.26150294031354526
    },
    "alma_zerocopy_1M": {
      "name": "alma_zerocopy_1M",
      "median": 3.493289999999979,
      "mean": 3.485157999999997,
      "min": 3.4152900000000046,
      "max": 3.5696100000000115,
      "samples": 10,
      "warmupIterations": 43,
      "throughput": 0.2862630929582159
    },
    "alma_preallocated_10k": {
      "name": "alma_preallocated_10k",
      "median": 0.024498355263157866,
      "mean": 0.02449414473684201,
      "min": 0.024328618421052578,
      "max": 0.024663651315789462,
      "samples": 10,
      "warmupIterations": 6088,
      "throughput": 0.4081906680093996
    },
    "alma_preallocated_100k": {
      "name": "alma_preallocated_100k",
      "median": 0.24595666666666602,
      "mean": 0.24588500000000066,
      "min": 0.24474499999999655,
      "max": 0.2480699999999994,
      "samples": 10,
      "warmupIterations": 609,
      "throughput": 0.4065756840635895
    },
    "alma_preallocated_1M": {
      "name": "alma_preallocated_1M",
      "median": 2.6605899999999565,
      "mean": 2.662814000000003,
      "min": 2.6425800000000437,
      "max": 2.70608000000002,
      "samples": 10,
      "warmupIterations": 55,
      "throughput": 0.3758564829605525
    },
    "alma_batch_small_batch": {
      "name": "alma_batch_small_batch",
      "median": 11.545579999999973,
      "mean": 11.556465000000003,
      "min": 10.970800000000054,
      "max": 12.502180000000044,
      "samples": 10,
      "warmupIterations": 13,
      "throughput": 0
    },
    "alma_batch_medium_batch": {
      "name": "alma_batch_medium_batch",
      "median": 66.56629999999996,
      "mean": 66.52953699999999,
      "min": 65.67713999999997,
      "max": 67.58582999999999,
      "samples": 10,
      "warmupIterations": 3,
      "throughput": 0
    },
    "alma_batch_large_batch": {
      "name": "alma_batch_large_batch",
      "median": 1315.4608399999997,
      "mean": 1311.599709,
      "min": 1262.62838,
      "max": 1339.0657300000003,
      "samples": 10,
      "warmupIterations": 1,
      "throughput": 0
    },
    "alma_batch_unsafe_small_batch": {
      "name": "alma_batch_unsafe_small_batch",
      "median": 1.0499857142858673,
      "mean": 1.1275485714286333,
      "min": 1.0282714285713155,
      "max": 1.4563285714289773,
      "samples": 10,
      "warmupIterations": 142,
      "throughput": 0
    },
    "alma_batch_unsafe_medium_batch": {
      "name": "alma_batch_unsafe_medium_batch",
      "median": 5.701620000001276,
      "mean": 5.942227999999886,
      "min": 5.563910000000033,
      "max": 6.561679999998887,
      "samples": 10,
      "warmupIterations": 27,
      "throughput": 0
    },
    "alma_batch_unsafe_large_batch": {
      "name": "alma_batch_unsafe_large_batch",
      "median": 136.36333000000158,
      "mean": 135.57278200000002,
      "min": 130.72084000000032,
      "max": 140.54806999999855,
      "samples": 10,
      "warmupIterations": 2,
      "throughput": 0
    }
  }
}