{
  "timestamp": "2025-07-19T22:03:43.661Z",
  "config": {
    "warmupTargetMs": 150,
    "sampleCount": 10,
    "minIterations": 10,
    "disableGC": true
  },
  "results": {
    "tema_safe_10k": {
      "name": "tema_safe_10k",
      "median": 0.038838369304556385,
      "mean": 0.036656402877697794,
      "min": 0.0300896882494003,
      "max": 0.044283932853716804,
      "samples": 10,
      "warmupIterations": 4170,
      "throughput": 0.257477339524315,
      "dataSize": 10000,
      "api": "safe",
      "indicator": "tema"
    },
    "tema_safe_100k": {
      "name": "tema_safe_100k",
      "median": 0.3165568627450984,
      "mean": 0.29553078431372587,
      "min": 0.23415098039215848,
      "max": 0.34610784313725373,
      "samples": 10,
      "warmupIterations": 511,
      "throughput": 0.3158990114219168,
      "dataSize": 100000,
      "api": "safe",
      "indicator": "tema"
    },
    "tema_safe_1M": {
      "name": "tema_safe_1M",
      "median": 2.627260000000001,
      "mean": 2.58134,
      "min": 2.492100000000005,
      "max": 2.651389999999992,
      "samples": 10,
      "warmupIterations": 56,
      "throughput": 0.3814772805127774,
      "dataSize": 1002240,
      "api": "safe",
      "indicator": "tema"
    },
    "tema_fast_10k": {
      "name": "tema_fast_10k",
      "median": 0.013701955307262707,
      "mean": 0.01370514897579149,
      "min": 0.013563221601489789,
      "max": 0.013841620111731854,
      "samples": 10,
      "warmupIterations": 10742,
      "throughput": 0.7298228446781979,
      "dataSize": 10000,
      "api": "fast",
      "indicator": "tema"
    },
    "tema_fast_100k": {
      "name": "tema_fast_100k",
      "median": 0.13648073394495508,
      "mean": 0.1363181651376143,
      "min": 0.13532477064220091,
      "max": 0.1373889908256863,
      "samples": 10,
      "warmupIterations": 1098,
      "throughput": 0.732704148853212,
      "dataSize": 100000,
      "api": "fast",
      "indicator": "tema"
    },
    "tema_fast_1M": {
      "name": "tema_fast_1M",
      "median": 1.3738600000000134,
      "mean": 1.3689730000000098,
      "min": 1.3514200000000074,
      "max": 1.3798400000000128,
      "samples": 10,
      "warmupIterations": 108,
      "throughput": 0.7295066455097247,
      "dataSize": 1002240,
      "api": "fast",
      "indicator": "tema"
    },
    "tema_batch_small": {
      "name": "tema_batch_small",
      "median": 0.8816833333333357,
      "mean": 0.9134544444444476,
      "min": 0.8576777777777806,
      "max": 1.0855333333333368,
      "samples": 10,
      "warmupIterations": 181,
      "throughput": 0.011341940606037665,
      "dataSize": 10000,
      "api": "batch",
      "indicator": "tema",
      "batchSize": "small"
    },
    "tema_batch_medium": {
      "name": "tema_batch_medium",
      "median": 1.7453999999999723,
      "mean": 1.808806999999997,
      "min": 1.6948300000000018,
      "max": 2.1447200000000066,
      "samples": 10,
      "warmupIterations": 81,
      "throughput": 0.005729345708720155,
      "dataSize": 10000,
      "api": "batch",
      "indicator": "tema",
      "batchSize": "medium"
    }
  }
}