{
  "timestamp": "2025-07-17T13:26:51.694Z",
  "config": {
    "warmupTargetMs": 150,
    "sampleCount": 10,
    "minIterations": 10,
    "disableGC": true
  },
  "results": {
    "alma_10k": {
      "name": "alma_10k",
      "median": 0.038151635514018636,
      "mean": 0.03580941588785044,
      "min": 0.031302803738317786,
      "max": 0.04342757009345792,
      "samples": 10,
      "warmupIterations": 4283,
      "throughput": 0.26211196100166
    },
    "alma_100k": {
      "name": "alma_100k",
      "median": 0.3005037735849053,
      "mean": 0.29128132075471697,
      "min": 0.24959811320754724,
      "max": 0.3547792452830195,
      "samples": 10,
      "warmupIterations": 533,
      "throughput": 0.3327745232847989
    },
    "alma_1M": {
      "name": "alma_1M",
      "median": 2.5700700000000096,
      "mean": 2.5729400000000013,
      "min": 2.5237499999999953,
      "max": 2.6682600000000094,
      "samples": 10,
      "warmupIterations": 59,
      "throughput": 0.38909446046216495
    },
    "alma_zerocopy_10k": {
      "name": "alma_zerocopy_10k",
      "median": 0.03271126760563368,
      "mean": 0.03590406103286379,
      "min": 0.030670657276995555,
      "max": 0.046423708920187656,
      "samples": 10,
      "warmupIterations": 4266,
      "throughput": 0.3057050592034457
    },
    "alma_zerocopy_100k": {
      "name": "alma_zerocopy_100k",
      "median": 0.30246274509803983,
      "mean": 0.2843211764705882,
      "min": 0.24414901960784507,
      "max": 0.3201803921568608,
      "samples": 10,
      "warmupIterations": 512,
      "throughput": 0.3306192303702929
    },
    "alma_zerocopy_1M": {
      "name": "alma_zerocopy_1M",
      "median": 2.805199999999968,
      "mean": 2.8044370000000027,
      "min": 2.7769900000000236,
      "max": 2.8494700000000193,
      "samples": 10,
      "warmupIterations": 54,
      "throughput": 0.3564808213318164
    },
    "alma_context_10k": {
      "name": "alma_context_10k",
      "median": 0.03439223744292215,
      "mean": 0.03531134703196349,
      "min": 0.03139794520547969,
      "max": 0.04663858447488523,
      "samples": 10,
      "warmupIterations": 4381,
      "throughput": 0.2907632868200606
    },
    "alma_context_100k": {
      "name": "alma_context_100k",
      "median": 0.2479344827586217,
      "mean": 0.24193224137931152,
      "min": 0.19999482758621054,
      "max": 0.303394827586207,
      "samples": 10,
      "warmupIterations": 585,
      "throughput": 0.4033323597724633
    },
    "alma_context_1M": {
      "name": "alma_context_1M",
      "median": 2.5393799999999827,
      "mean": 2.5349699999999986,
      "min": 2.5173899999999776,
      "max": 2.5495000000000347,
      "samples": 10,
      "warmupIterations": 59,
      "throughput": 0.39379691105703235
    },
    "alma_preallocated_10k": {
      "name": "alma_preallocated_10k",
      "median": 0.016618930957683773,
      "mean": 0.016601013363028848,
      "min": 0.016460801781736912,
      "max": 0.016740757238307185,
      "samples": 10,
      "warmupIterations": 8985,
      "throughput": 0.6017234216486407
    },
    "alma_preallocated_100k": {
      "name": "alma_preallocated_100k",
      "median": 0.1743999999999994,
      "mean": 0.17442895348837295,
      "min": 0.1727151162790717,
      "max": 0.17689186046511676,
      "samples": 10,
      "warmupIterations": 864,
      "throughput": 0.573394495412846
    },
    "alma_preallocated_1M": {
      "name": "alma_preallocated_1M",
      "median": 2.0137699999999312,
      "mean": 2.017424000000001,
      "min": 2.0056999999999787,
      "max": 2.036920000000009,
      "samples": 10,
      "warmupIterations": 75,
      "throughput": 0.4965810395427651
    }
  }
}