{
  "timestamp": "2025-09-10T03:11:23.980Z",
  "config": {
    "warmupTargetMs": 150,
    "sampleCount": 10,
    "minIterations": 10,
    "disableGC": true
  },
  "results": {
    "willr_safe_10k": {
      "name": "willr_safe_10k",
      "median": 0.3991944444444439,
      "mean": 0.4004900000000002,
      "min": 0.39565833333333306,
      "max": 0.4091111111111129,
      "samples": 10,
      "warmupIterations": 369,
      "throughput": 0.0250504488205414,
      "dataSize": 10000,
      "api": "safe",
      "indicator": "willr"
    },
    "willr_safe_100k": {
      "name": "willr_safe_100k",
      "median": 3.8071599999999988,
      "mean": 3.810813999999997,
      "min": 3.7655099999999946,
      "max": 3.881779999999992,
      "samples": 10,
      "warmupIterations": 39,
      "throughput": 0.02626629823805672,
      "dataSize": 100000,
      "api": "safe",
      "indicator": "willr"
    },
    "willr_safe_1M": {
      "name": "willr_safe_1M",
      "median": 43.75671999999995,
      "mean": 43.692054999999996,
      "min": 43.12186999999999,
      "max": 44.36228000000001,
      "samples": 10,
      "warmupIterations": 4,
      "throughput": 0.02290482467607264,
      "dataSize": 1002240,
      "api": "safe",
      "indicator": "willr"
    },
    "willr_fast_10k": {
      "name": "willr_fast_10k",
      "median": 0.3818157894736846,
      "mean": 0.38121210526315547,
      "min": 0.37589473684209607,
      "max": 0.3866157894736764,
      "samples": 10,
      "warmupIterations": 384,
      "throughput": 0.026190640292232382,
      "dataSize": 10000,
      "api": "fast",
      "indicator": "willr"
    },
    "willr_fast_100k": {
      "name": "willr_fast_100k",
      "median": 3.6532999999999447,
      "mean": 3.6520589999999906,
      "min": 3.6180599999999687,
      "max": 3.681959999999981,
      "samples": 10,
      "warmupIterations": 41,
      "throughput": 0.027372512522924893,
      "dataSize": 100000,
      "api": "fast",
      "indicator": "willr"
    },
    "willr_fast_1M": {
      "name": "willr_fast_1M",
      "median": 41.50045000000009,
      "mean": 41.53034400000003,
      "min": 41.20113000000001,
      "max": 41.86099999999997,
      "samples": 10,
      "warmupIterations": 4,
      "throughput": 0.024150099577233446,
      "dataSize": 1002240,
      "api": "fast",
      "indicator": "willr"
    },
    "willr_batch_small": {
      "name": "willr_batch_small",
      "median": 2.2441600000000106,
      "mean": 2.245698999999986,
      "min": 2.1959100000000036,
      "max": 2.324419999999918,
      "samples": 10,
      "warmupIterations": 65,
      "throughput": 0.004456010266647633,
      "dataSize": 10000,
      "api": "batch",
      "indicator": "willr",
      "batchSize": "small"
    },
    "willr_batch_medium": {
      "name": "willr_batch_medium",
      "median": 4.270809999999983,
      "mean": 4.270404999999991,
      "min": 4.194919999999911,
      "max": 4.359119999999893,
      "samples": 10,
      "warmupIterations": 35,
      "throughput": 0.002341476207089531,
      "dataSize": 10000,
      "api": "batch",
      "indicator": "willr",
      "batchSize": "medium"
    }
  }
}