{
  "timestamp": "2025-07-17T17:10:22.859Z",
  "config": {
    "warmupTargetMs": 150,
    "sampleCount": 10,
    "minIterations": 10,
    "disableGC": true
  },
  "results": {
    "alma_10k": {
      "name": "alma_10k",
      "median": 0.04165680473372793,
      "mean": 0.0435141715976332,
      "min": 0.038445266272189395,
      "max": 0.05101420118343226,
      "samples": 10,
      "warmupIterations": 3385,
      "throughput": 0.24005681818181748
    },
    "alma_100k": {
      "name": "alma_100k",
      "median": 0.38510731707317075,
      "mean": 0.36136365853658503,
      "min": 0.3200268292682916,
      "max": 0.40685121951219394,
      "samples": 10,
      "warmupIterations": 419,
      "throughput": 0.2596678784500994
    },
    "alma_1M": {
      "name": "alma_1M",
      "median": 3.402500000000009,
      "mean": 3.406126999999997,
      "min": 3.349189999999999,
      "max": 3.452779999999984,
      "samples": 10,
      "warmupIterations": 45,
      "throughput": 0.2939015429830999
    },
    "alma_zerocopy_10k": {
      "name": "alma_zerocopy_10k",
      "median": 0.041396264367816016,
      "mean": 0.042301666666666626,
      "min": 0.037141091954022785,
      "max": 0.049883045977011056,
      "samples": 10,
      "warmupIterations": 3488,
      "throughput": 0.24156769101548717
    },
    "alma_zerocopy_100k": {
      "name": "alma_zerocopy_100k",
      "median": 0.3704195121951238,
      "mean": 0.3673841463414635,
      "min": 0.3188146341463424,
      "max": 0.4235804878048839,
      "samples": 10,
      "warmupIterations": 419,
      "throughput": 0.26996418036240916
    },
    "alma_zerocopy_1M": {
      "name": "alma_zerocopy_1M",
      "median": 3.656939999999986,
      "mean": 3.660654999999997,
      "min": 3.6116799999999785,
      "max": 3.7813200000000053,
      "samples": 10,
      "warmupIterations": 40,
      "throughput": 0.2734526680776835
    },
    "alma_preallocated_10k": {
      "name": "alma_preallocated_10k",
      "median": 0.02480464344942004,
      "mean": 0.02478205638474306,
      "min": 0.024652736318408103,
      "max": 0.024953399668324747,
      "samples": 10,
      "warmupIterations": 6035,
      "throughput": 0.4031503222528204
    },
    "alma_preallocated_100k": {
      "name": "alma_preallocated_100k",
      "median": 0.2557017241379307,
      "mean": 0.25529603448275856,
      "min": 0.2539103448275847,
      "max": 0.25643620689654734,
      "samples": 10,
      "warmupIterations": 589,
      "throughput": 0.3910806637582857
    },
    "alma_preallocated_1M": {
      "name": "alma_preallocated_1M",
      "median": 2.843130000000019,
      "mean": 2.8424019999999883,
      "min": 2.8346000000000005,
      "max": 2.8514799999999925,
      "samples": 10,
      "warmupIterations": 53,
      "throughput": 0.35172503543629496
    },
    "alma_batch_small_batch": {
      "name": "alma_batch_small_batch",
      "median": 11.38052000000007,
      "mean": 11.27984600000003,
      "min": 10.808210000000054,
      "max": 12.041880000000038,
      "samples": 10,
      "warmupIterations": 13,
      "throughput": 0
    },
    "alma_batch_medium_batch": {
      "name": "alma_batch_medium_batch",
      "median": 66.91690999999992,
      "mean": 67.046798,
      "min": 66.36515,
      "max": 68.02989000000007,
      "samples": 10,
      "warmupIterations": 3,
      "throughput": 0
    },
    "alma_batch_large_batch": {
      "name": "alma_batch_large_batch",
      "median": 1294.2927000000004,
      "mean": 1327.3111200000003,
      "min": 1272.6698500000002,
      "max": 1468.7700299999997,
      "samples": 10,
      "warmupIterations": 1,
      "throughput": 0
    },
    "alma_batch_unsafe_small_batch": {
      "name": "alma_batch_unsafe_small_batch",
      "median": 1.0239214285725862,
      "mean": 1.023432142857512,
      "min": 1.0144214285703907,
      "max": 1.0295571428578114,
      "samples": 10,
      "warmupIterations": 143,
      "throughput": 0
    },
    "alma_batch_unsafe_medium_batch": {
      "name": "alma_batch_unsafe_medium_batch",
      "median": 5.4502999999996975,
      "mean": 5.444026999999769,
      "min": 5.418969999998808,
      "max": 5.487150000000838,
      "samples": 10,
      "warmupIterations": 28,
      "throughput": 0
    },
    "alma_batch_unsafe_large_batch": {
      "name": "alma_batch_unsafe_large_batch",
      "median": 126.73766999999934,
      "mean": 126.80209099999976,
      "min": 126.06512999999977,
      "max": 127.6972299999994,
      "samples": 10,
      "warmupIterations": 2,
      "throughput": 0
    }
  }
}