{
  "timestamp": "2025-07-17T20:30:32.978Z",
  "config": {
    "warmupTargetMs": 150,
    "sampleCount": 10,
    "minIterations": 10,
    "disableGC": true
  },
  "results": {
    "alma_safe_10k": {
      "name": "alma_safe_10k",
      "median": 0.04402933753943192,
      "mean": 0.04642529968454258,
      "min": 0.04070378548895898,
      "max": 0.05599558359621439,
      "samples": 10,
      "warmupIterations": 3170,
      "throughput": 0.22712129136724285,
      "dataSize": 10000,
      "api": "safe",
      "indicator": "alma"
    },
    "alma_safe_100k": {
      "name": "alma_safe_100k",
      "median": 0.3750333333333337,
      "mean": 0.38345846153846164,
      "min": 0.33883333333333443,
      "max": 0.44173589743589814,
      "samples": 10,
      "warmupIterations": 390,
      "throughput": 0.2666429650697713,
      "dataSize": 100000,
      "api": "safe",
      "indicator": "alma"
    },
    "alma_safe_1M": {
      "name": "alma_safe_1M",
      "median": 3.7032999999999903,
      "mean": 3.685423000000003,
      "min": 3.621140000000014,
      "max": 3.735569999999984,
      "samples": 10,
      "warmupIterations": 40,
      "throughput": 0.2706342991386068,
      "dataSize": 1002240,
      "api": "safe",
      "indicator": "alma"
    },
    "alma_fast_10k": {
      "name": "alma_fast_10k",
      "median": 0.025,
      "mean": 0.02492740677966109,
      "min": 0.024040847457627024,
      "max": 0.025429152542373063,
      "samples": 10,
      "warmupIterations": 5906,
      "throughput": 0.4,
      "dataSize": 10000,
      "api": "fast",
      "indicator": "alma"
    },
    "alma_fast_100k": {
      "name": "alma_fast_100k",
      "median": 0.2500450000000001,
      "mean": 0.2506358333333333,
      "min": 0.2466133333333346,
      "max": 0.25835166666666587,
      "samples": 10,
      "warmupIterations": 602,
      "throughput": 0.3999280129576675,
      "dataSize": 100000,
      "api": "fast",
      "indicator": "alma"
    },
    "alma_fast_1M": {
      "name": "alma_fast_1M",
      "median": 2.4674599999999827,
      "mean": 2.471768999999999,
      "min": 2.42181999999998,
      "max": 2.5320500000000266,
      "samples": 10,
      "warmupIterations": 60,
      "throughput": 0.40618287631815997,
      "dataSize": 1002240,
      "api": "fast",
      "indicator": "alma"
    },
    "alma_batch_small": {
      "name": "alma_batch_small",
      "median": 8.79996000000001,
      "mean": 8.819901,
      "min": 8.557810000000018,
      "max": 9.561230000000023,
      "samples": 10,
      "warmupIterations": 16,
      "throughput": 0.00113636880167637,
      "dataSize": 10000,
      "api": "batch",
      "indicator": "alma",
      "batchSize": "small"
    },
    "alma_batch_medium": {
      "name": "alma_batch_medium",
      "median": 30.38822,
      "mean": 30.920126000000003,
      "min": 29.76262999999999,
      "max": 32.79872999999998,
      "samples": 10,
      "warmupIterations": 5,
      "throughput": 0.00032907488493896645,
      "dataSize": 10000,
      "api": "batch",
      "indicator": "alma",
      "batchSize": "medium"
    }
  }
}