{
  "timestamp": "2025-07-17T20:08:57.239Z",
  "config": {
    "warmupTargetMs": 150,
    "sampleCount": 10,
    "minIterations": 10,
    "disableGC": true
  },
  "results": {
    "alma_safe_10k": {
      "name": "alma_safe_10k",
      "median": 0.049371924290220755,
      "mean": 0.048626940063091456,
      "min": 0.041708201892744455,
      "max": 0.0578432176656153,
      "samples": 10,
      "warmupIterations": 3178,
      "throughput": 0.20254426263026434,
      "dataSize": 10000,
      "api": "safe",
      "indicator": "alma"
    },
    "alma_safe_100k": {
      "name": "alma_safe_100k",
      "median": 0.3655108108108115,
      "mean": 0.3840543243243234,
      "min": 0.33699459459459424,
      "max": 0.4505918918918902,
      "samples": 10,
      "warmupIterations": 371,
      "throughput": 0.2735897189420206,
      "dataSize": 100000,
      "api": "safe",
      "indicator": "alma"
    },
    "alma_safe_1M": {
      "name": "alma_safe_1M",
      "median": 3.618560000000002,
      "mean": 3.6364019999999955,
      "min": 3.535459999999989,
      "max": 3.831690000000003,
      "samples": 10,
      "warmupIterations": 41,
      "throughput": 0.2769720551821717,
      "dataSize": 1002240,
      "api": "safe",
      "indicator": "alma"
    },
    "alma_fast_10k": {
      "name": "alma_fast_10k",
      "median": 0.02508516666666651,
      "mean": 0.025106866666666634,
      "min": 0.02435583333333322,
      "max": 0.025764833333333476,
      "samples": 10,
      "warmupIterations": 6008,
      "throughput": 0.3986419597238765,
      "dataSize": 10000,
      "api": "fast",
      "indicator": "alma"
    },
    "alma_fast_100k": {
      "name": "alma_fast_100k",
      "median": 0.24409166666666807,
      "mean": 0.24369066666666717,
      "min": 0.23875000000000454,
      "max": 0.25099166666666406,
      "samples": 10,
      "warmupIterations": 601,
      "throughput": 0.4096821549281326,
      "dataSize": 100000,
      "api": "fast",
      "indicator": "alma"
    },
    "alma_fast_1M": {
      "name": "alma_fast_1M",
      "median": 2.462049999999999,
      "mean": 2.458385000000007,
      "min": 2.421289999999999,
      "max": 2.4895000000000436,
      "samples": 10,
      "warmupIterations": 61,
      "throughput": 0.4070754046424728,
      "dataSize": 1002240,
      "api": "fast",
      "indicator": "alma"
    },
    "alma_batch_small": {
      "name": "alma_batch_small",
      "median": 8.439420000000018,
      "mean": 8.528483000000005,
      "min": 8.27240999999999,
      "max": 9.288120000000026,
      "samples": 10,
      "warmupIterations": 16,
      "throughput": 0.0011849155510686728,
      "dataSize": 10000,
      "api": "batch",
      "indicator": "alma",
      "batchSize": "small"
    },
    "alma_batch_medium": {
      "name": "alma_batch_medium",
      "median": 29.534460000000035,
      "mean": 29.487457000000006,
      "min": 28.23197,
      "max": 30.939699999999995,
      "samples": 10,
      "warmupIterations": 6,
      "throughput": 0.00033858753469675725,
      "dataSize": 10000,
      "api": "batch",
      "indicator": "alma",
      "batchSize": "medium"
    }
  }
}