{
  "timestamp": "2025-07-20T01:21:04.020Z",
  "config": {
    "warmupTargetMs": 150,
    "sampleCount": 10,
    "minIterations": 10,
    "disableGC": true
  },
  "results": {
    "vwma_safe_10k": {
      "name": "vwma_safe_10k",
      "median": 0.03017620889748566,
      "mean": 0.028496615087040638,
      "min": 0.02458491295938114,
      "max": 0.031805415860735,
      "samples": 10,
      "warmupIterations": 5173,
      "throughput": 0.33138688938600297,
      "dataSize": 10000,
      "api": "safe",
      "indicator": "vwma"
    },
    "vwma_safe_100k": {
      "name": "vwma_safe_100k",
      "median": 0.24416923076923222,
      "mean": 0.22742030769230723,
      "min": 0.18391230769230926,
      "max": 0.2551369230769209,
      "samples": 10,
      "warmupIterations": 655,
      "throughput": 0.40955201310566197,
      "dataSize": 100000,
      "api": "safe",
      "indicator": "vwma"
    },
    "vwma_safe_1M": {
      "name": "vwma_safe_1M",
      "median": 2.2968000000000073,
      "mean": 2.275731000000003,
      "min": 2.142039999999997,
      "max": 2.6395300000000135,
      "samples": 10,
      "warmupIterations": 67,
      "throughput": 0.43636363636363495,
      "dataSize": 1002240,
      "api": "safe",
      "indicator": "vwma"
    },
    "vwma_fast_10k": {
      "name": "vwma_fast_10k",
      "median": 0.007316142131979726,
      "mean": 0.007316573604060905,
      "min": 0.007286751269035555,
      "max": 0.007340761421319765,
      "samples": 10,
      "warmupIterations": 19708,
      "throughput": 1.3668405861456427,
      "dataSize": 10000,
      "api": "fast",
      "indicator": "vwma"
    },
    "vwma_fast_100k": {
      "name": "vwma_fast_100k",
      "median": 0.074968527918782,
      "mean": 0.07493766497461923,
      "min": 0.07429999999999959,
      "max": 0.07609644670050754,
      "samples": 10,
      "warmupIterations": 1973,
      "throughput": 1.3338930718812583,
      "dataSize": 100000,
      "api": "fast",
      "indicator": "vwma"
    },
    "vwma_fast_1M": {
      "name": "vwma_fast_1M",
      "median": 0.7540842105263197,
      "mean": 0.7546305263157855,
      "min": 0.744700000000002,
      "max": 0.7713842105263211,
      "samples": 10,
      "warmupIterations": 191,
      "throughput": 1.3290823306066546,
      "dataSize": 1002240,
      "api": "fast",
      "indicator": "vwma"
    },
    "vwma_batch_small": {
      "name": "vwma_batch_small",
      "median": 1.705089999999973,
      "mean": 1.7517899999999966,
      "min": 1.5233400000000075,
      "max": 2.118730000000005,
      "samples": 10,
      "warmupIterations": 94,
      "throughput": 0.005864793060776944,
      "dataSize": 10000,
      "api": "batch",
      "indicator": "vwma",
      "batchSize": "small"
    },
    "vwma_batch_medium": {
      "name": "vwma_batch_medium",
      "median": 3.6089699999999993,
      "mean": 3.5973869999999986,
      "min": 3.4354899999999815,
      "max": 3.7600900000000363,
      "samples": 10,
      "warmupIterations": 43,
      "throughput": 0.00277087368418136,
      "dataSize": 10000,
      "api": "batch",
      "indicator": "vwma",
      "batchSize": "medium"
    }
  }
}