{
  "timestamp": "2025-09-11T19:00:23.237Z",
  "config": {
    "warmupTargetMs": 150,
    "sampleCount": 10,
    "minIterations": 10,
    "disableGC": true
  },
  "results": {
    "swma_safe_10k": {
      "name": "swma_safe_10k",
      "median": 0.03371147959183659,
      "mean": 0.03619510204081629,
      "min": 0.02831836734693861,
      "max": 0.048379081632652816,
      "samples": 10,
      "warmupIterations": 3922,
      "throughput": 0.2966348591362793,
      "dataSize": 10000,
      "api": "safe",
      "indicator": "swma"
    },
    "swma_safe_100k": {
      "name": "swma_safe_100k",
      "median": 0.3066277777777781,
      "mean": 0.2781290740740748,
      "min": 0.22533518518518694,
      "max": 0.3229425925925945,
      "samples": 10,
      "warmupIterations": 543,
      "throughput": 0.3261283133730723,
      "dataSize": 100000,
      "api": "safe",
      "indicator": "swma"
    },
    "swma_safe_1M": {
      "name": "swma_safe_1M",
      "median": 2.849279999999999,
      "mean": 3.1434660000000036,
      "min": 2.506290000000013,
      "max": 4.1644999999999985,
      "samples": 10,
      "warmupIterations": 59,
      "throughput": 0.35175202156334245,
      "dataSize": 1002240,
      "api": "safe",
      "indicator": "swma"
    },
    "swma_fast_10k": {
      "name": "swma_fast_10k",
      "median": 0.013501477377654706,
      "mean": 0.014329787626962132,
      "min": 0.012963065558633413,
      "max": 0.019423822714681283,
      "samples": 10,
      "warmupIterations": 10833,
      "throughput": 0.7406596863651573,
      "dataSize": 10000,
      "api": "fast",
      "indicator": "swma"
    },
    "swma_fast_100k": {
      "name": "swma_fast_100k",
      "median": 0.1331930434782605,
      "mean": 0.13580295652173885,
      "min": 0.12849739130434776,
      "max": 0.15680260869565088,
      "samples": 10,
      "warmupIterations": 1159,
      "throughput": 0.7507899616117849,
      "dataSize": 100000,
      "api": "fast",
      "indicator": "swma"
    },
    "swma_fast_1M": {
      "name": "swma_fast_1M",
      "median": 1.3954699999999776,
      "mean": 1.3879579999999943,
      "min": 1.3090899999999692,
      "max": 1.576819999999998,
      "samples": 10,
      "warmupIterations": 107,
      "throughput": 0.7182096354633322,
      "dataSize": 1002240,
      "api": "fast",
      "indicator": "swma"
    },
    "swma_batch_small": {
      "name": "swma_batch_small",
      "median": 2.504559999999992,
      "mean": 2.3623779999999943,
      "min": 1.37511999999997,
      "max": 3.9464100000000144,
      "samples": 10,
      "warmupIterations": 107,
      "throughput": 0.00399271728367459,
      "dataSize": 10000,
      "api": "batch",
      "indicator": "swma",
      "batchSize": "small"
    },
    "swma_batch_medium": {
      "name": "swma_batch_medium",
      "median": 3.3440500000000157,
      "mean": 3.331797000000006,
      "min": 3.0746399999999996,
      "max": 3.716150000000016,
      "samples": 10,
      "warmupIterations": 46,
      "throughput": 0.0029903859093015814,
      "dataSize": 10000,
      "api": "batch",
      "indicator": "swma",
      "batchSize": "medium"
    }
  }
}
