{
  "timestamp": "2025-07-20T22:20:29.717Z",
  "config": {
    "warmupTargetMs": 150,
    "sampleCount": 10,
    "minIterations": 10,
    "disableGC": true
  },
  "results": {
    "fwma_safe_10k": {
      "name": "fwma_safe_10k",
      "median": 0.0336655773420479,
      "mean": 0.031078714596949865,
      "min": 0.027762091503267947,
      "max": 0.03507864923747271,
      "samples": 10,
      "warmupIterations": 4591,
      "throughput": 0.2970393140268568,
      "dataSize": 10000,
      "api": "safe",
      "indicator": "fwma"
    },
    "fwma_safe_100k": {
      "name": "fwma_safe_100k",
      "median": 0.2486566666666666,
      "mean": 0.23727533333333267,
      "min": 0.20382333333333236,
      "max": 0.256738333333332,
      "samples": 10,
      "warmupIterations": 608,
      "throughput": 0.4021609448101131,
      "dataSize": 100000,
      "api": "safe",
      "indicator": "fwma"
    },
    "fwma_safe_1M": {
      "name": "fwma_safe_1M",
      "median": 2.2238099999999803,
      "mean": 2.2548469999999954,
      "min": 2.197499999999991,
      "max": 2.4350599999999987,
      "samples": 10,
      "warmupIterations": 67,
      "throughput": 0.4506859848638188,
      "dataSize": 1002240,
      "api": "safe",
      "indicator": "fwma"
    },
    "fwma_fast_10k": {
      "name": "fwma_fast_10k",
      "median": 0.01118819548872183,
      "mean": 0.01118757894736843,
      "min": 0.011017218045112815,
      "max": 0.011465413533834604,
      "samples": 10,
      "warmupIterations": 13309,
      "throughput": 0.8937991841562314,
      "dataSize": 10000,
      "api": "fast",
      "indicator": "fwma"
    },
    "fwma_fast_100k": {
      "name": "fwma_fast_100k",
      "median": 0.11174210526315735,
      "mean": 0.11745571428571386,
      "min": 0.11035789473684199,
      "max": 0.16516691729323343,
      "samples": 10,
      "warmupIterations": 1339,
      "throughput": 0.8949178088644008,
      "dataSize": 100000,
      "api": "fast",
      "indicator": "fwma"
    },
    "fwma_fast_1M": {
      "name": "fwma_fast_1M",
      "median": 1.1078153846153957,
      "mean": 1.1114607692307694,
      "min": 1.097907692307707,
      "max": 1.1441769230769192,
      "samples": 10,
      "warmupIterations": 135,
      "throughput": 0.904699477835787,
      "dataSize": 1002240,
      "api": "fast",
      "indicator": "fwma"
    },
    "fwma_batch_small": {
      "name": "fwma_batch_small",
      "median": 0.17301777777777513,
      "mean": 0.16282144444444485,
      "min": 0.14640777777777758,
      "max": 0.179177777777775,
      "samples": 10,
      "warmupIterations": 900,
      "throughput": 0.05779752883454582,
      "dataSize": 10000,
      "api": "batch",
      "indicator": "fwma",
      "batchSize": "small"
    },
    "fwma_batch_medium": {
      "name": "fwma_batch_medium",
      "median": 0.4145277777777715,
      "mean": 0.4296866666666663,
      "min": 0.3963222222222258,
      "max": 0.4857444444444481,
      "samples": 10,
      "warmupIterations": 360,
      "throughput": 0.024123835689875056,
      "dataSize": 10000,
      "api": "batch",
      "indicator": "fwma",
      "batchSize": "medium"
    }
  }
}