{
  "timestamp": "2025-07-19T22:05:21.167Z",
  "config": {
    "warmupTargetMs": 150,
    "sampleCount": 10,
    "minIterations": 10,
    "disableGC": true
  },
  "results": {
    "trendflex_safe_10k": {
      "name": "trendflex_safe_10k",
      "median": 0.06849702970296986,
      "mean": 0.07047074257425742,
      "min": 0.06626930693069354,
      "max": 0.08035841584158408,
      "samples": 10,
      "warmupIterations": 2028,
      "throughput": 0.1459917319533992,
      "dataSize": 10000,
      "api": "safe",
      "indicator": "trendflex"
    },
    "trendflex_safe_100k": {
      "name": "trendflex_safe_100k",
      "median": 0.6431999999999995,
      "mean": 0.6787222727272737,
      "min": 0.6100545454545454,
      "max": 0.8038727272727276,
      "samples": 10,
      "warmupIterations": 220,
      "throughput": 0.15547263681592052,
      "dataSize": 100000,
      "api": "safe",
      "indicator": "trendflex"
    },
    "trendflex_safe_1M": {
      "name": "trendflex_safe_1M",
      "median": 6.72958000000001,
      "mean": 6.745243000000002,
      "min": 6.579470000000015,
      "max": 7.11237000000001,
      "samples": 10,
      "warmupIterations": 23,
      "throughput": 0.14893054247070375,
      "dataSize": 1002240,
      "api": "safe",
      "indicator": "trendflex"
    },
    "trendflex_fast_10k": {
      "name": "trendflex_fast_10k",
      "median": 0.052555281690140065,
      "mean": 0.05258830985915482,
      "min": 0.05192359154929664,
      "max": 0.05364119718309904,
      "samples": 10,
      "warmupIterations": 2845,
      "throughput": 0.190275832959261,
      "dataSize": 10000,
      "api": "fast",
      "indicator": "trendflex"
    },
    "trendflex_fast_100k": {
      "name": "trendflex_fast_100k",
      "median": 0.5334037037037147,
      "mean": 0.5335003703703731,
      "min": 0.5318370370370287,
      "max": 0.5357740740740795,
      "samples": 10,
      "warmupIterations": 279,
      "throughput": 0.18747526368048276,
      "dataSize": 100000,
      "api": "fast",
      "indicator": "trendflex"
    },
    "trendflex_fast_1M": {
      "name": "trendflex_fast_1M",
      "median": 5.85972999999999,
      "mean": 5.857241999999997,
      "min": 5.805199999999968,
      "max": 5.948869999999988,
      "samples": 10,
      "warmupIterations": 26,
      "throughput": 0.171038597341516,
      "dataSize": 1002240,
      "api": "fast",
      "indicator": "trendflex"
    },
    "trendflex_batch_small": {
      "name": "trendflex_batch_small",
      "median": 1.0402571428571394,
      "mean": 1.052457857142859,
      "min": 1.0160500000000152,
      "max": 1.1849357142857246,
      "samples": 10,
      "warmupIterations": 140,
      "throughput": 0.00961300777280346,
      "dataSize": 10000,
      "api": "batch",
      "indicator": "trendflex",
      "batchSize": "small"
    },
    "trendflex_batch_medium": {
      "name": "trendflex_batch_medium",
      "median": 5.416600000000017,
      "mean": 5.47758800000001,
      "min": 5.150450000000001,
      "max": 6.036099999999988,
      "samples": 10,
      "warmupIterations": 27,
      "throughput": 0.0018461765683269891,
      "dataSize": 10000,
      "api": "batch",
      "indicator": "trendflex",
      "batchSize": "medium"
    }
  }
}
