{
  "timestamp": "2025-07-19T21:13:27.890Z",
  "config": {
    "warmupTargetMs": 150,
    "sampleCount": 10,
    "minIterations": 10,
    "disableGC": true
  },
  "results": {
    "tilson_safe_10k": {
      "name": "tilson_safe_10k",
      "median": 0.036456486486486646,
      "mean": 0.038885513513513506,
      "min": 0.03418378378378385,
      "max": 0.04487702702702711,
      "samples": 10,
      "warmupIterations": 3700,
      "throughput": 0.2742996093083931,
      "dataSize": 10000,
      "api": "safe",
      "indicator": "tilson"
    },
    "tilson_safe_100k": {
      "name": "tilson_safe_100k",
      "median": 0.3651340909090896,
      "mean": 0.3333129545454545,
      "min": 0.2778863636363631,
      "max": 0.410670454545456,
      "samples": 10,
      "warmupIterations": 449,
      "throughput": 0.2738719897422501,
      "dataSize": 100000,
      "api": "safe",
      "indicator": "tilson"
    },
    "tilson_safe_1M": {
      "name": "tilson_safe_1M",
      "median": 3.078449999999998,
      "mean": 3.041227000000001,
      "min": 2.9444100000000164,
      "max": 3.097360000000003,
      "samples": 10,
      "warmupIterations": 51,
      "throughput": 0.32556643765531373,
      "dataSize": 1002240,
      "api": "safe",
      "indicator": "tilson"
    },
    "tilson_fast_10k": {
      "name": "tilson_fast_10k",
      "median": 0.019526881720430135,
      "mean": 0.01958966397849457,
      "min": 0.019412768817204246,
      "max": 0.020205779569892307,
      "samples": 10,
      "warmupIterations": 7446,
      "throughput": 0.5121145374449332,
      "dataSize": 10000,
      "api": "fast",
      "indicator": "tilson"
    },
    "tilson_fast_100k": {
      "name": "tilson_fast_100k",
      "median": 0.19705000000000214,
      "mean": 0.19753539473684145,
      "min": 0.19508421052631475,
      "max": 0.20096447368421136,
      "samples": 10,
      "warmupIterations": 765,
      "throughput": 0.5074854097944629,
      "dataSize": 100000,
      "api": "fast",
      "indicator": "tilson"
    },
    "tilson_fast_1M": {
      "name": "tilson_fast_1M",
      "median": 1.9655499999999848,
      "mean": 1.958748999999998,
      "min": 1.935490000000027,
      "max": 1.9791900000000169,
      "samples": 10,
      "warmupIterations": 75,
      "throughput": 0.5099030805626964,
      "dataSize": 1002240,
      "api": "fast",
      "indicator": "tilson"
    },
    "tilson_batch_small": {
      "name": "tilson_batch_small",
      "median": 2.8433500000000094,
      "mean": 2.8388229999999974,
      "min": 2.7366899999999985,
      "max": 2.91572000000001,
      "samples": 10,
      "warmupIterations": 50,
      "throughput": 0.003516978212319963,
      "dataSize": 10000,
      "api": "batch",
      "indicator": "tilson",
      "batchSize": "small"
    },
    "tilson_batch_medium": {
      "name": "tilson_batch_medium",
      "median": 7.624849999999969,
      "mean": 7.764043000000003,
      "min": 7.536009999999988,
      "max": 8.34157,
      "samples": 10,
      "warmupIterations": 19,
      "throughput": 0.0013115012098598713,
      "dataSize": 10000,
      "api": "batch",
      "indicator": "tilson",
      "batchSize": "medium"
    }
  }
}
